zone,min_level,max_level,starter_race,monster_types,spawn_count,mob_level_min,mob_level_avg,mob_level_max,hp,p_def,m_def,p_atk,m_atk,atk_speed,crit,shot_prob,accuracy,exp,sp,aggressive_pct,non_monster_pct,undead_pct,spots,respawn_per_min
Dark Elf Village newbie grounds,1,10,DarkElf,7,57,1,3.4,7,102,44.7,33.1,12.2,4.3,278,3.99,0.0,5.3,121,3.7,0,0,0,6,228.0
Dwarven Village newbie grounds,1,10,Dwarf,11,65,1,4.3,9,121,47.0,34.8,13.5,4.8,278,3.77,0.0,5.6,152,4.8,0,0,0,8,198.5
Elven Village newbie grounds,1,10,Elf,13,357,1,5.6,11,148,50.2,37.1,15.4,5.5,278,4.13,0.0,5.2,199,6.3,7,0,0,8,1240.0
Orc Village newbie grounds,1,10,Orc,9,182,1,4.2,7,115,45.6,33.7,13.4,4.9,278,3.87,0.0,5.4,147,4.3,0,0,0,8,559.7
Talking Island newbie grounds,1,10,Human,15,207,1,3.9,10,113,45.8,33.9,13.0,4.6,278,3.74,0.0,5.6,138,4.3,1,0,0,8,526.7
Obelisk of Victory,6,12,,10,71,4,8.1,12,204,55.1,40.8,19.8,7.4,278,1.83,0.0,8.1,283,9.4,20,0,0,8,197.2
Elven Fortress,10,14,,4,17,10,10.8,13,280,59.3,43.8,26.7,10.7,278,5.44,0.0,3.6,325,11.4,71,0,24,8,14.4
Elven Forest,10,15,,6,62,8,12.4,15,325,74.5,55.1,26.7,9.3,278,4.4,0.0,4.8,440,16.7,40,0,0,8,244.3
"Talking Island, Western Territory (Northern Area)",11,15,,3,26,13,13.7,15,356,74.8,101.9,31.8,11.9,278,4.4,0.0,4.8,665,26.0,12,0,0,3,78.0
The Immortal Plateau,11,15,,3,11,12,13.1,14,342,75.6,75.4,28.9,10.3,278,5.6,0.0,3.5,535,20.7,0,0,0,1,31.8
Singing Waterfall,11,16,,5,19,11,13.7,17,359,72.8,68.6,33.7,13.3,278,4.4,0.0,4.8,547,21.5,32,0,0,2,57.0
Swampland,12,16,,6,57,13,13.5,16,353,71.4,87.7,32.7,12.8,278,4.4,0.0,4.8,610,23.7,5,0,61,8,213.8
Western Mining Zone (Central Shore),12,16,,7,29,12,14.5,17,378,68.2,50.4,39.2,16.7,278,4.86,0.0,4.3,518,20.6,31,0,0,6,87.0
Abandoned Coal Mines,12,17,,14,53,10,14.4,19,377,73.8,62.6,36.8,14.8,278,5.48,0.0,3.6,470,18.9,23,0,19,8,93.5
Frozen Waterfall,13,17,,7,25,13,15.0,17,391,75.3,62.1,38.3,15.5,278,4.93,0.0,4.2,569,23.0,28,0,0,2,74.6
Fellmere Harvesting Grounds,14,18,,9,47,14,15.7,19,412,76.3,57.6,41.6,17.1,278,4.35,0.0,4.9,571,23.2,19,0,2,8,112.6
Spider Nest,17,20,,4,73,16,17.5,18,461,79.0,64.3,50.4,21.8,278,4.4,0.0,4.8,676,29.2,32,0,0,8,219.0
Eastern Mining Zone (Northeastern Shore),17,21,,6,39,18,19.6,23,529,84.0,68.3,56.9,23.4,278,2.88,0.0,6.7,708,32.1,36,0,0,5,117.0
Windmill Hill,17,21,,5,52,15,17.3,19,457,82.5,61.0,47.5,19.6,278,4.4,0.0,4.8,654,28.1,63,0,0,8,151.9
Ruins of Agony,17,22,,7,12,16,19.5,22,527,95.1,75.4,55.1,22.2,278,6.6,0.0,2.4,739,33.0,42,0,75,8,26.9
Abandoned Camp,17,23,,9,58,15,20.1,25,551,96.0,71.8,60.1,24.9,278,5.77,0.0,3.3,664,30.8,17,0,0,8,116.4
Ruins of Despair,18,23,,9,37,16,20.2,23,551,89.3,107.0,64.2,28.3,278,4.04,0.0,5.2,914,41.9,38,0,59,8,77.0
Langk Lizardman Dwellings,19,24,,7,50,17,20.9,25,577,102.1,76.2,61.3,24.3,278,4.2,0.0,5.0,783,36.5,50,0,0,8,150.0
"The Immortal Plateau, Southern Region",19,24,,7,30,18,21.7,25,606,92.4,74.0,70.2,29.9,278,2.86,0.0,6.7,871,41.1,53,0,0,4,120.0
Mithril Mines,20,25,,9,105,19,21.8,27,606,90.8,71.2,72.6,32.0,278,3.88,0.0,5.4,706,33.2,83,0,18,8,157.5
Windawood Manor,21,25,,5,41,22,22.7,25,636,103.6,76.6,75.0,32.3,278,5.04,0.0,4.1,864,41.4,2,0,0,8,87.0
Plains of Dion,23,27,,4,55,24,25.1,27,733,114.1,84.3,92.3,40.8,278,4.4,0.0,4.8,1011,50.4,65,0,0,2,118.7
Orc Barracks,24,30,,8,71,24,27.0,30,1633,131.6,97.3,100.7,41.9,278,5.05,0.0,4.1,2121,109.3,23,0,0,8,71.0
Forgotten Temple,26,30,,6,25,27,27.7,30,1690,133.8,103.2,107.2,45.7,278,5.5,0.0,3.6,1970,101.8,8,0,8,8,18.9
Fortress of Resistance,26,31,,8,120,26,28.4,30,1478,138.0,102.0,114.5,49.4,278,5.76,0.0,3.3,2100,111.5,27,0,0,8,116.8
Windy Hill,27,31,,4,62,27,28.5,30,884,146.6,108.3,107.4,43.0,278,1.53,0.0,8.5,1222,65.0,40,0,0,8,143.1
Crypts of Disgrace,28,33,,6,36,27,30.1,33,961,159.8,139.2,134.2,59.8,278,3.3,0.0,6.2,1338,73.2,22,0,100,8,36.0
The Ant Nest,28,35,,12,129,26,31.7,35,1110,147.7,109.2,156.8,73.4,278,4.54,0.0,4.6,1461,82.2,26,0,3,8,148.1
Breka's Stronghold,29,35,,6,32,30,31.8,35,1050,161.5,119.4,144.9,62.5,278,6.05,0.0,3.1,1712,96.7,16,0,0,4,58.0
Plunderous Plains,30,36,,7,30,30,33.1,37,1118,168.1,128.8,184.8,77.3,278,4.91,0.0,4.3,1544,89.1,53,0,0,8,30.0
Bee Hive,35,39,,6,53,34,36.9,40,667,169.4,134.1,221.3,104.2,278,1.1,0.0,9.0,1092,67.4,49,0,0,3,99.4
Field of Whispers,35,39,,5,28,35,36.4,39,1503,185.5,137.8,204.4,92.7,278,5.54,0.0,3.5,2527,154.2,43,0,25,2,56.0
Plains of the Lizardmen,35,40,,8,42,35,37.1,40,1621,185.4,137.0,224.2,106.1,278,5.08,0.0,4.1,2494,154.3,45,0,0,5,81.6
Cruma Tower,35,45,,15,111,33,42.0,47,4576,297.1,197.9,338.1,158.8,278,4.11,0.0,5.2,3940,265.3,46,0,0,8,181.1
Field of Silence,36,40,,14,78,35,37.1,40,672,153.7,122.0,264.1,149.9,278,5.44,0.0,3.9,1191,73.3,38,0,0,6,187.2
Alligator Island,39,43,,2,49,40,40.5,41,2374,196.6,145.3,296.0,150.2,278,4.4,0.0,4.8,3789,246.4,100,0,0,3,53.2
Sea of Spores,40,44,,4,33,40,41.2,43,1606,211.3,156.2,296.1,145.1,278,4.4,0.0,4.8,2472,162.6,27,0,0,5,73.3
Ivory Tower,41,46,,7,92,40,42.3,45,1686,213.0,224.3,330.5,168.6,278,4.4,0.0,4.8,2926,196.2,32,0,12,8,207.0
Devil's Isle,43,48,,13,176,43,44.7,48,4277,241.4,184.4,381.9,208.5,278,5.01,0.0,4.3,5667,393.2,60,0,85,8,139.2
Den of Evil,44,50,,7,49,42,46.3,49,1128,253.9,258.5,424.0,208.0,278,6.91,0.0,2.0,1963,139.7,14,0,0,8,49.0
Tanor Canyon,46,51,,3,23,46,48.0,50,1047,245.5,193.7,455.0,233.0,278,1.1,0.0,9.0,2621,192.0,83,0,0,2,30.7
"Enchanted Valley, Southern Region",47,52,,5,12,45,48.3,50,5476,291.2,215.2,422.0,197.6,278,4.4,0.0,4.8,8179,599.8,33,0,0,2,9.0
Pavel Ruins,48,52,,7,49,47,49.4,52,2350,282.0,248.6,494.2,255.6,278,3.19,0.0,6.3,3672,273.5,100,0,0,8,49.0
Outlaw Forest,50,56,,6,64,50,52.9,55,3096,294.0,242.5,615.2,335.5,278,3.63,0.0,5.7,5309,418.9,31,0,0,8,94.1
Forest of Mirrors,50,60,,9,61,48,58.6,62,10684,312.6,260.2,888.8,540.4,278,3.34,0.0,6.3,14740,1276.4,36,0,20,8,50.0
Hardin's Private Academy,52,56,,5,20,52,54.1,56,2571,297.3,222.7,681.6,390.0,278,4.4,0.0,4.8,4518,360.2,20,0,0,6,32.8
Forsaken Plains,54,59,,8,34,54,55.9,60,2714,314.8,236.9,728.1,411.0,278,3.88,0.0,5.5,5069,416.8,44,0,0,8,75.6
Silent Valley,55,61,,11,50,54,57.1,60,4182,323.1,242.9,799.8,469.3,278,1.96,0.0,8.0,6929,577.5,54,0,0,8,73.5
Seal of Shilen,55,63,,9,111,54,58.1,65,2902,348.7,256.1,812.4,462.0,278,4.4,0.0,4.8,5413,461.9,93,0,21,8,227.9
Skyshadow Meadow,56,61,,2,26,57,58.4,60,1461,326.1,261.3,797.4,439.1,278,1.1,0.0,9.0,4437,376.4,100,0,0,4,47.3
Fields of Massacre,58,70,,12,130,56,62.0,72,4510,363.5,275.7,1002.5,601.4,278,4.3,0.0,5.0,8278,763.5,55,0,62,8,99.9
Valley of Saints,60,64,,5,27,60,61.0,62,3140,358.4,264.9,975.5,601.6,278,3.3,0.0,6.2,8018,706.6,56,0,0,5,33.8
Forest of the Dead,62,68,,30,273,63,65.9,70,3535,441.0,306.1,1168.0,713.1,278,4.75,0.0,4.4,7086,674.5,40,0,56,8,324.9
Tower of Insolence,64,73,,34,298,62,68.4,75,15091,493.0,341.9,1329.8,848.1,278,3.5,0.0,6.1,20284,1976.8,100,0,20,8,88.2
Swamp of Screams,66,70,,5,61,66,67.8,70,3690,398.1,508.1,1294.4,820.0,278,4.4,0.0,5.0,9019,870.7,92,0,0,8,87.1
Wall of Argos,67,71,,2,9,68,68.4,69,7482,454.2,335.7,1238.8,728.3,278,4.4,0.0,4.8,14158,1375.6,44,0,0,3,9.8
Blazing Swamp,70,75,,9,55,68,72.6,75,4054,455.8,364.2,1461.5,896.1,278,4.16,0.0,5.2,9287,953.3,33,0,16,7,71.3
Hot Springs,72,76,,6,35,73,74.2,76,8349,515.3,457.6,1525.1,929.6,278,3.46,0.0,6.0,19053,1992.4,29,0,0,5,30.0
Ketra Orc Outpost,72,80,,5,38,80,80.0,80,9591,637.2,550.0,1901.6,1204.8,278,4.69,0.0,1.2,21982,2685.5,100,0,0,1,19.2
Varka Silenos Stronghold,76,80,,11,132,77,77.7,80,9168,549.7,515.3,1684.9,1031.2,278,4.62,0.0,4.0,19144,2113.2,100,0,0,8,72.9
Monastery of Silence,78,80,,3,15,80,80.0,80,18894,609.9,490.5,3016.9,1246.2,278,1.32,0.0,4.2,37833,4539.2,100,0,0,7,15.0
